Workbook
Name d: #REF!
Name q: #REF!

Sheet Summary year 1 Without DR
D2: One-Time Cost ($) | E2: Cost ($/month)
F3: Comments
B4: Businessnext | C4: Production DC | E4: 9854.09
C5: Pre-Prod | E5: =FiveYearsAWSPricing!E8 -> 4408.38
C6: UAT
C7: SIT
C8: Performance Testing | D8: 5000
C9: Migration/Data Bootup | D9: 5000 | F9: Optional Component
B10: Security | C10: Airtel SOC | E10: 500 | F10: Infra for SOC machines
E11: =15*30000/90/12 -> 416.66667 | F11: Rs. 30000/unit/year
C12: Requirement 4 – Antivirus & EDR | E12: =15*2600/90/12 -> 36.111111 | F12: Rs. 2600/unit/year
C13: Requirement 6 – Data Discovery and Classification of Data | E13: =15*4000/90/12 -> 55.555556 | F13: Rs. 4000/unit/year
C14: Requirement 7 – DLP
C16: Total Usage | E16: =SUM(E4:E15) -> 15270.803
C18: Business Support | E18: =SUM(E4:E7,E10)*4% -> 590.4988
C20: Total Platform cost (Yearly cost) | D20: =SUM(D3:D19) -> 10000 | E20: =SUM(E16:E19)*12 -> 190335.63
C21: Buffer | E21: =E20*5% -> 9516.7813
C22: Total cost (AWS) | D22: =(D20+D21) -> 10000 | E22: =(E20+E21) -> 199852.41
C24: Managed Services | D24: =D22*10% -> 1000 | E24: =E22*30% -> 59955.722
C25: Total cost | D25: =(D22+D24) -> 11000 | E25: =(E22+E24) -> 259808.13
C26: Discount | E26: 0.11
C27: Dicounted cost | D27: =D25 -> 11000 | E27: =0.89*E25 -> 231229.23
C29: Users | E29: 8500
C31: PUPM | E31: =E27/E29/12 -> 2.2669533

Sheet Summary year 1
D2: One-Time Cost ($) | E2: Cost ($/month)
F3: Comments
B4: Businessnext | C4: Production DC | E4: =FiveYearsAWSPricing!E2 -> 9598.09
C5: Production DR | E5: =FiveYearsAWSPricing!E7 -> 8286.82
C6: Pre-Prod | E6: =FiveYearsAWSPricing!E8 -> 4408.38
C7: UAT
C8: SIT
C9: Performance Testing | D9: 5000
C10: Migration/Data Bootup | D10: 5000 | F10: Optional Component
B11: Security | C11: Airtel SOC | E11: 500 | F11: Infra for SOC machines
E12: =15*30000/90/12 -> 416.66667 | F12: Rs. 30000/unit/year
C13: Requirement 4 – Antivirus & EDR | E13: =15*2600/90/12 -> 36.111111 | F13: Rs. 2600/unit/year
C14: Requirement 6 – Data Discovery and Classification of Data | E14: =15*4000/90/12 -> 55.555556 | F14: Rs. 4000/unit/year
C15: Requirement 7 – DLP
C17: Total Usage | E17: =SUM(E4:E16) -> 23301.623
C19: Business Support | E19: =SUM(E4:E8,E11)*4% -> 911.7316
C21: Total Platform cost (Yearly cost) | D21: =SUM(D3:D20) -> 10000 | E21: =SUM(E17:E20)*12 -> 290560.26
C22: Buffer | E22: =E21*5% -> 14528.013
C23: Total cost (AWS) | D23: =(D21+D22) -> 10000 | E23: =(E21+E22) -> 305088.27
C25: Managed Services | D25: =D23*10% -> 1000 | E25: =E23*30% -> 91526.482
C26: Total cost | D26: =(D23+D25) -> 11000 | E26: =(E23+E25) -> 396614.75
C27: Discount | E27: 0.11
C28: Dicounted cost | D28: =D26 -> 11000 | E28: =0.89*E26 -> 352987.13
C30: Users | E30: 8500
C32: PUPM | E32: =E28/E30/12 -> 3.4606581

Sheet Summary year 2
D2: One-Time Cost ($) | E2: Cost ($/month)
F3: Comments
B4: Businessnext | C4: Production DC | E4: =FiveYearsAWSPricing!E3 -> 10415.75
C5: Production DR | E5: =FiveYearsAWSPricing!E7 -> 8286.82
C6: Pre-Prod | E6: =FiveYearsAWSPricing!E8 -> 4408.38
C7: UAT
C8: SIT
B9: Security | C9: Airtel SOC | E9: 500 | F9: Infra for SOC machines
E10: =15*30000/90/12 -> 416.66667 | F10: Rs. 30000/unit/year
C11: Requirement 4 – Antivirus & EDR | E11: =15*2600/90/12 -> 36.111111 | F11: Rs. 2600/unit/year
C12: Requirement 6 – Data Discovery and Classification of Data | E12: =15*4000/90/12 -> 55.555556 | F12: Rs. 4000/unit/year
C13: Requirement 7 – DLP
C15: Total Usage | E15: =SUM(E4:E14) -> 24119.283
C17: Business Support | E17: =SUM(E4:E8,E9)*4% -> 944.438
C19: Total Platform cost (Yearly cost) | D19: =SUM(D3:D18) -> 0 | E19: =SUM(E15:E18)*12 -> 300764.66
C20: Buffer | E20: =E19*5% -> 15038.233
C21: Total cost (AWS) | D21: =(D19+D20) -> 0 | E21: =(E19+E20) -> 315802.89
C23: Managed Services | D23: =D21*10% -> 0 | E23: =E21*30% -> 94740.867
C24: Total cost | D24: =(D21+D23) -> 0 | E24: =(E21+E23) -> 410543.76
C25: Discount | E25: 0.11
C26: Dicounted cost | D26: =D24 -> 0 | E26: =0.89*E24 -> 365383.94
C28: Users | E28: 8500
C30: PUPM | E30: =E26/E28/12 -> 3.5821955

Sheet Summary year 3
D2: One-Time Cost ($) | E2: Cost ($/month)
F3: Comments
B4: Businessnext | C4: Production DC | E4: =FiveYearsAWSPricing!E4 -> 10541.85
C5: Production DR | E5: =FiveYearsAWSPricing!E7 -> 8286.82
C6: Pre-Prod | E6: =FiveYearsAWSPricing!E8 -> 4408.38
C7: UAT
C8: SIT
B9: Security | C9: Airtel SOC | E9: 500 | F9: Infra for SOC machines
E10: =15*30000/90/12 -> 416.66667 | F10: Rs. 30000/unit/year
C11: Requirement 4 – Antivirus & EDR | E11: =15*2600/90/12 -> 36.111111 | F11: Rs. 2600/unit/year
C12: Requirement 6 – Data Discovery and Classification of Data | E12: =15*4000/90/12 -> 55.555556 | F12: Rs. 4000/unit/year
C13: Requirement 7 – DLP
C15: Total Usage | E15: =SUM(E4:E14) -> 24245.383
C17: Business Support | E17: =SUM(E4:E8,E9)*4% -> 949.482
C19: Total Platform cost (Yearly cost) | D19: =SUM(D3:D18) -> 0 | E19: =SUM(E15:E18)*12 -> 302338.38
C20: Buffer | E20: =E19*5% -> 15116.919
C21: Total cost (AWS) | D21: =(D19+D20) -> 0 | E21: =(E19+E20) -> 317455.3
C23: Managed Services | D23: =D21*10% -> 0 | E23: =E21*30% -> 95236.591
C24: Total cost | D24: =(D21+D23) -> 0 | E24: =(E21+E23) -> 412691.89
C25: Discount | E25: 0.11
C26: Dicounted cost | D26: =D24 -> 0 | E26: =0.89*E24 -> 367295.79
C28: Users | E28: 8925
C30: PUPM | E30: =E26/E28/12 -> 3.4294658

Sheet Summary year 4
D2: One-Time Cost ($) | E2: Cost ($/month)
F3: Comments
B4: Businessnext | C4: Production DC | E4: =FiveYearsAWSPricing!E5 -> 10722.25
C5: Production DR | E5: =FiveYearsAWSPricing!E7 -> 8286.82
C6: Pre-Prod | E6: =FiveYearsAWSPricing!E8 -> 4408.38
C7: UAT
C8: SIT
B9: Security | C9: Airtel SOC | E9: 500 | F9: Infra for SOC machines
E10: =15*30000/90/12 -> 416.66667 | F10: Rs. 30000/unit/year
C11: Requirement 4 – Antivirus & EDR | E11: =15*2600/90/12 -> 36.111111 | F11: Rs. 2600/unit/year
C12: Requirement 6 – Data Discovery and Classification of Data | E12: =15*4000/90/12 -> 55.555556 | F12: Rs. 4000/unit/year
C13: Requirement 7 – DLP
C15: Total Usage | E15: =SUM(E4:E14) -> 24425.783
C17: Business Support | E17: =SUM(E4:E8,E9)*4% -> 956.698
C19: Total Platform cost (Yearly cost) | D19: =SUM(D3:D18) -> 0 | E19: =SUM(E15:E18)*12 -> 304589.78
C20: Buffer | E20: =E19*5% -> 15229.489
C21: Total cost (AWS) | D21: =(D19+D20) -> 0 | E21: =(E19+E20) -> 319819.26
C23: Managed Services | D23: =D21*10% -> 0 | E23: =E21*30% -> 95945.779
C24: Total cost | D24: =(D21+D23) -> 0 | E24: =(E21+E23) -> 415765.04
C25: Discount | E25: 0.11
C26: Dicounted cost | D26: =D24 -> 0 | E26: =0.89*E24 -> 370030.89
C28: Users | E28: 9371
C30: PUPM | E30: =E26/E28/12 -> 3.2905674

Sheet Summary year 5
D2: One-Time Cost ($) | E2: Cost ($/month)
F3: Comments
B4: Businessnext | C4: Production DC | E4: =FiveYearsAWSPricing!E6 -> 11171.79
C5: Production DR | E5: =FiveYearsAWSPricing!E7 -> 8286.82
C6: Pre-Prod | E6: =FiveYearsAWSPricing!E8 -> 4408.38
C7: UAT
C8: SIT
B9: Security | C9: Airtel SOC | E9: 500 | F9: Infra for SOC machines
E10: =15*30000/90/12 -> 416.66667 | F10: Rs. 30000/unit/year
C11: Requirement 4 – Antivirus & EDR | E11: =15*2600/90/12 -> 36.111111 | F11: Rs. 2600/unit/year
C12: Requirement 6 – Data Discovery and Classification of Data | E12: =15*4000/90/12 -> 55.555556 | F12: Rs. 4000/unit/year
C13: Requirement 7 – DLP
C15: Total Usage | E15: =SUM(E4:E14) -> 24875.323
C17: Business Support | E17: =SUM(E4:E8,E9)*4% -> 974.6796
C19: Total Platform cost (Yearly cost) | D19: =SUM(D3:D18) -> 0 | E19: =SUM(E15:E18)*12 -> 310200.04
C20: Buffer | E20: =E19*5% -> 15510.002
C21: Total cost (AWS) | D21: =(D19+D20) -> 0 | E21: =(E19+E20) -> 325710.04
C23: Managed Services | D23: =D21*10% -> 0 | E23: =E21*30% -> 97713.011
C24: Total cost | D24: =(D21+D23) -> 0 | E24: =(E21+E23) -> 423423.05
C25: Discount | E25: 0.11
C26: Dicounted cost | D26: =D24 -> 0 | E26: =0.89*E24 -> 376846.51
C28: Users | E28: 9840
C30: PUPM | E30: =E26/E28/12 -> 3.1914508

Sheet FiveYearsAWSPricing
A1: Product | B1: Environments / Year > | C1: Year | D1: Calculator | E1: Pricing/ month | F1: Pricing/ year
A2: Businessnext | B2: Production DC | C2: 1 | D2: https://calculator.aws/#/estimate?id=3d855f88245edf875bd7bd9d307b2b11d8555634 | E2: =F2/12 -> 9598.09 | F2: 115177.08
C3: 2 | D3: https://calculator.aws/#/estimate?id=b15ea983953bec217af05d33c395c8fabf562d91 | E3: =F3/12 -> 10415.75 | F3: 124989
C4: 3 | D4: https://calculator.aws/#/estimate?id=02ca4d39c3c1dd8e139d16385ba97d38460610fc | E4: =F4/12 -> 10541.85 | F4: 126502.2
C5: 4 | D5: https://calculator.aws/#/estimate?id=2e73720c147961ebd6a8f6dbbb301d1dde93327e | E5: =F5/12 -> 10722.25 | F5: 128667
C6: 5 | D6: https://calculator.aws/#/estimate?id=59de0de045369043531891b96044084450c7a513 | E6: =F6/12 -> 11171.79 | F6: 134061.48
B7: Production DR | D7: https://calculator.aws/#/estimate?id=82271f7be6b2ee0d1fab039710682bb0c8a34364 | E7: =F7/12 -> 8286.82 | F7: 99441.84
B8: PRE-PROD | D8: https://calculator.aws/#/estimate?id=3cce5dfb7a276d282e22330b899dc8e25f2881a5 | E8: =F8/12 -> 4408.38 | F8: 52900.56
B9: UAT
B10: SIT
C12: Note:
C13: Costs for pre-prod, SIT, and UAT environments may increase by 5–10% per year, depending on data growth and usage patterns.
